Specialist,Frontier 1,Frontier 2,RandomForest,LightGBM,Min,Max,prices
31.0,197.4,40.97,122.66593333333323,61.5673243235007,31.0,197.4,37.91
189.0,198.9,199.0,249.18300000000022,212.94080612892074,189.0,249.18300000000022,159.2
348.0,348.0,348.0,340.01720000000006,297.7720650779915,297.7720650779915,348.0,348.0
189.0,94.75,199.9,248.2701000000001,233.61209887383274,94.75,248.2701000000001,200.0
336.0,298.0,349.9,188.58620000000002,177.27043344053692,177.27043344053692,349.9,489.6
54.0,9.73,24.99,213.98267499999994,91.29936744395394,9.73,213.98267499999994,49.5
60.0,39.99,29.99,77.55929999999988,66.31548415001554,29.99,77.55929999999988,39.98
40.0,74.99,59.99,70.9443999999999,84.45821090825623,40.0,84.45821090825623,54.35
296.0,348.5,282.0,203.00890000000004,235.6214835610591,203.00890000000004,348.5,599.0
300.0,599.0,399.9,277.33874791666693,254.28696493803878,254.28696493803878,599.0,529.0
81.0,84.2,39.99,258.08941428571444,263.46765895928957,39.99,263.46765895928957,71.51
500.0,599.0,699.0,410.1830999999999,534.8071409182306,410.1830999999999,699.0,499.99
285.0,199.0,244.9,246.90560000000022,236.57667361950888,199.0,285.0,364.9
299.0,294.9,399.9,557.2050999999999,501.75793496846757,294.9,557.2050999999999,449.0
81.0,80.99,79.99,148.49719999999996,105.79085178932316,79.99,148.49719999999996,142.37
299.0,49.98,89.99,261.53135000000026,206.00321415230079,49.98,299.0,109.99
40.0,79.99,39.99,128.36639999999997,115.98507303349051,39.99,128.36639999999997,39.99
204.0,153.0,204.0,198.88880000000015,251.43931784999913,153.0,251.43931784999913,204.0
81.0,90.0,79.99,164.11853333333332,133.2025066054746,79.99,164.11853333333332,89.37
517.0,490.3,476.4,275.25940000000014,374.65804372871963,275.25940000000014,517.0,500.78
500.0,296.5,599.9,296.35540000000026,341.62534574936285,296.35540000000026,599.9,299.0
194.0,204.0,204.0,218.86750000000004,326.3426686549307,194.0,326.3426686549307,204.0
81.0,95.65,95.65,118.7409,124.80387928204703,81.0,124.80387928204703,78.93
19.0,19.76,69.99,139.8075,113.68109741560485,19.0,139.8075,10.99
147.0,95.26,120.0,202.5501333333334,230.52652539673485,95.26,230.52652539673485,200.67
133.0,256.9,157.9,222.71157878787884,196.95966482011377,133.0,256.9,141.88
998.0,699.0,949.9,547.9454999999998,642.8883125834565,547.9454999999998,998.0,909.49
81.0,76.8,138.8,181.1969999999999,120.1145432578642,76.8,181.1969999999999,173.13
133.0,59.74,69.95,229.99953333333343,186.66847089124934,59.74,229.99953333333343,59.95
350.0,259.9,259.9,241.72248000000036,226.498805850506,226.498805850506,350.0,259.95
279.0,299.0,249.0,250.84040000000013,270.71088630159005,249.0,299.0,459.0
280.0,156.2,325.0,265.09850000000023,236.66997869748715,156.2,325.0,294.99
54.0,79.25,79.25,96.02459999999999,129.55774002182162,54.0,129.55774002182162,79.15
145.0,695.0,149.9,130.70969999999997,149.78401404637188,130.70969999999997,695.0,49.99
201.0,216.9,127.9,201.33669999999992,155.2941868440137,127.9,216.9,232.95
549.0,549.0,549.0,270.6688000000001,216.57366063946523,216.57366063946523,549.0,549.0
133.0,52.76,79.99,154.18380000000002,175.0637431461583,52.76,175.0637431461583,39.9
201.0,157.9,156.8,232.5537,201.83811245871624,156.8,232.5537,202.22
252.0,138.2,324.9,250.6467000000001,231.91014079334772,138.2,324.9,360.17
299.0,549.0,206.0,293.4893000000001,282.5577027871276,206.0,549.0,209.0
59.0,80.0,79.99,214.49810000000008,203.24982392086417,59.0,214.49810000000008,63.07
252.0,180.4,226.4,275.04690000000005,209.6746101155486,180.4,275.04690000000005,242.98
350.0,326.7,469.9,297.18460000000033,308.7313321707042,297.18460000000033,469.9,443.99
31.0,19.67,30.0,212.46849999999995,133.97882756990418,19.67,212.46849999999995,23.54
280.0,215.0,219.9,221.4926000000001,221.44374249477684,215.0,280.0,319.99
89.0,94.81,99.99,242.6980000000002,212.30243037702127,89.0,242.6980000000002,128.99
330.0,697.5,299.0,188.22699999999998,299.443370673847,188.22699999999998,697.5,186.75
81.0,72.87,23.04,138.96269999999996,101.54457646093063,23.04,138.96269999999996,73.2
220.0,259.9,259.9,299.03240000000034,388.06856881004256,220.0,388.06856881004256,207.99
135.0,59.0,249.9,314.6753000000004,323.9781951675505,59.0,323.9781951675505,124.99
81.0,90.84,89.99,98.34869999999997,93.4547633399191,81.0,98.34869999999997,134.08
189.0,403.5,348.8,231.71078,401.49096451291473,189.0,403.5,174.99
202.0,197.0,424.9,273.19145000000015,259.2576902765803,197.0,424.9,195.77
220.0,159.0,329.0,288.62990000000013,274.3136261298861,159.0,329.0,127.74
81.0,89.99,142.0,306.0743250000003,271.4752450288576,81.0,306.0743250000003,82.89
25.0,49.0,49.99,44.33507999999996,95.27275454722053,25.0,95.27275454722053,21.99
351.0,342.9,340.9,300.2419000000003,371.6026094000027,300.2419000000003,371.6026094000027,340.99
350.0,192.4,199.9,269.8712000000002,233.0586401020154,192.4,350.0,242.18
110.0,169.9,169.9,189.63760000000005,204.9864773747653,110.0,204.9864773747653,169.99
299.0,277.0,277.0,334.131766666667,327.72488713175215,277.0,334.131766666667,269.99
19.0,20.58,16.77,95.63099999999993,23.809760883929787,16.77,95.63099999999993,17.99
680.0,897.9,849.9,559.0779,569.8318475522162,559.0779,897.9,599.99
201.0,493.8,147.9,230.38260102564115,254.8054069308104,147.9,493.8,174.0
201.0,504.8,251.9,243.46840000000023,370.47914089809166,201.0,504.8,254.95
201.0,405.7,218.8,198.62569999999997,115.46913509350097,115.46913509350097,405.7,244.94
133.0,94.0,139.9,238.07220000000012,214.62404324097423,94.0,238.07220000000012,107.99
31.0,32.48,30.99,131.70229999999995,81.83176052526662,30.99,131.70229999999995,19.29
220.0,40.99,79.99,156.97579999999996,86.76461828943764,40.99,220.0,204.94
201.0,284.3,266.0,250.46220000000008,270.2223752535319,201.0,284.3,201.68
31.0,60.75,39.95,216.55313333333342,235.35599846054066,31.0,235.35599846054066,47.95
147.0,65.0,79.95,243.8672000000001,123.44361998245442,65.0,243.8672000000001,246.14
19.0,19.0,39.99,199.4947000000001,165.12275380205702,19.0,199.4947000000001,16.99
500.0,649.9,699.9,287.2619000000001,256.58723718141675,256.58723718141675,699.9,482.89
280.0,198.0,222.9,247.45690000000025,292.9648896937086,198.0,292.9648896937086,352.99
299.0,347.9,285.0,252.07417500000017,272.10095613369583,252.07417500000017,347.9,249.0
189.0,190.6,242.9,155.3432333333333,168.25577326621757,155.3432333333333,242.9,252.68
500.0,693.9,599.9,211.4935000000001,318.11395834602894,211.4935000000001,693.9,899.99
220.0,229.9,229.9,273.1497500000003,259.9788092212218,220.0,273.1497500000003,279.99
375.0,297.4,497.9,411.59819999999985,365.92060349917983,297.4,497.9,647.12
201.0,281.7,282.4,283.67340000000024,318.56681774355064,201.0,318.56681774355064,318.22
81.0,59.63,153.7,209.5260999999999,184.41609457780623,59.63,209.5260999999999,172.79
182.0,203.3,203.3,213.91509653972653,221.58769421478578,182.0,221.58769421478578,136.99
530.0,196.0,499.9,307.4043000000002,400.371697258977,196.0,530.0,537.99
202.0,203.9,217.5,215.6571000000001,208.65483728663253,202.0,217.5,166.99
280.0,57.98,429.9,233.82046666666687,245.03470236205766,57.98,429.9,599.99
252.0,403.2,298.0,282.60410000000013,231.54354229919505,231.54354229919505,403.2,311.61
25.0,30.0,34.99,200.94690000000008,71.05744005259112,25.0,200.94690000000008,19.0
280.0,367.5,277.9,297.4288999999998,320.0962214084064,277.9,367.5,177.57
220.0,279.0,189.0,272.1845000000002,336.12352315871993,189.0,336.12352315871993,189.0
93.0,48.5,103.4,236.33711666666676,160.06073100328592,48.5,236.33711666666676,108.1
206.0,138.5,206.3,186.1511999999999,174.3716123412305,138.5,206.3,206.34
201.0,207.4,142.9,273.6283000000001,278.9829046833866,142.9,278.9829046833866,141.81
142.0,74.26,69.95,153.47159999999994,47.064298400543585,47.064298400543585,153.47159999999994,439.44
198.0,269.5,224.9,202.34599999999992,141.24923724829856,141.24923724829856,269.5,225.82
189.0,197.2,217.0,142.56557499999997,129.08074631087072,129.08074631087072,217.0,324.0
246.0,240.0,249.9,228.20125000000016,191.46293276014015,191.46293276014015,249.9,195.99
59.0,66.99,99.99,123.78909999999996,68.41761096045298,59.0,123.78909999999996,77.99
7.0,59.98,39.99,185.56779999999998,68.42834777300503,7.0,185.56779999999998,29.48
60.0,79.54,103.9,167.10229999999996,52.34489902608494,52.34489902608494,167.10229999999996,89.99
679.0,693.9,743.9,602.3138999999996,567.2118266253301,567.2118266253301,743.9,749.99
133.0,59.0,109.9,192.332,182.36512105482262,59.0,192.332,88.99
400.0,249.8,449.9,215.40640000000013,282.1797514780532,215.40640000000013,449.9,399.95
655.0,556.9,456.9,259.20550000000026,485.3784366606892,259.20550000000026,655.0,645.95
134.0,59.0,249.0,264.83750000000026,169.54372725100623,59.0,264.83750000000026,98.0
133.0,364.7,182.1,227.5952000000001,223.02344634221566,133.0,364.7,182.41
81.0,68.39,114.2,90.01359999999995,95.61401687170661,68.39,114.2,118.44
6.0,31.82,34.99,160.60051428571424,105.49918210801194,6.0,160.60051428571424,7.13
836.0,627.9,595.0,315.7904000000001,286.422658366376,286.422658366376,836.0,833.0
350.0,149.9,149.9,310.94300000000027,308.5127170419422,149.9,350.0,179.99
15.0,14.98,14.99,155.5612333333333,105.41809678186623,14.98,155.5612333333333,14.95
189.0,89.0,144.0,267.67780000000016,317.3838603511591,89.0,317.3838603511591,99.0
110.0,89.0,59.99,241.31600000000006,124.92437152158125,59.99,241.31600000000006,84.99
60.0,23.0,44.99,119.14369999999994,66.3423616478509,23.0,119.14369999999994,72.0
81.0,59.38,44.99,173.91899999999998,209.43139179897958,44.99,209.43139179897958,61.1
201.0,200.7,195.4,205.1094,153.668610460285,153.668610460285,205.1094,216.25
220.0,138.0,223.3,219.29644999999994,269.86874183476533,138.0,269.86874183476533,226.58
170.0,239.9,203.9,248.58250000000018,233.49815434462906,170.0,248.58250000000018,169.99
133.0,84.72,97.89,186.179,112.36787028940293,84.72,186.179,80.89
122.0,79.26,133.0,195.34433333333334,105.94150489051002,79.26,195.34433333333334,164.23
418.0,369.9,369.9,236.9744000000002,372.029834929186,236.9744000000002,418.0,367.95
350.0,298.9,349.9,218.9541000000002,224.99584207025532,218.9541000000002,350.0,499.99
299.0,628.9,325.7,316.1528000000003,408.6032591630282,299.0,628.9,212.31
252.0,95.68,399.9,189.79159999999996,190.91541238056288,95.68,399.9,308.0
299.0,693.7,326.4,213.3663461538463,233.3217715514976,213.3663461538463,693.7,234.46
60.0,60.28,74.99,123.41209999999992,84.21978415797446,60.0,123.41209999999992,58.99
182.0,403.5,199.0,236.42513333333346,214.13269995010816,182.0,403.5,218.21
500.0,295.0,499.9,338.6375000000002,384.36802937370567,295.0,500.0,439.0
54.0,89.64,28.5,193.52932500000003,70.94460774465449,28.5,193.52932500000003,35.3
133.0,267.8,163.0,220.3242000000001,165.91347051388055,133.0,267.8,157.72
15.0,5.97,9.99,92.60629999999992,45.570430155471776,5.97,92.60629999999992,11.99
350.0,69.0,499.9,189.16999999999996,327.50778346929627,69.0,499.9,437.29
350.0,586.7,599.9,377.06380000000036,395.96291823985445,350.0,599.9,814.01
122.0,97.68,105.7,129.31209315890436,130.9450049439371,97.68,130.9450049439371,101.55
129.0,190.0,69.99,342.6329000000002,388.12400693517986,69.99,388.12400693517986,299.99
81.0,46.42,97.47,155.9492,124.9976543301397,46.42,155.9492,100.99
495.0,296.0,299.0,288.484575,361.6653921278993,288.484575,495.0,319.0
249.0,296.3,249.0,210.9281000000001,242.2555361573203,210.9281000000001,296.3,279.0
134.0,396.8,240.0,178.13700000000006,175.22345807605822,134.0,396.8,308.93
89.0,287.0,149.0,326.8000000000002,200.7002178817056,89.0,326.8000000000002,117.0
412.0,648.9,516.4,210.16690000000017,248.89317508386085,210.16690000000017,648.9,323.89
299.0,365.9,297.9,216.46469999999997,240.12560508042267,216.46469999999997,365.9,319.26
799.0,599.0,899.0,256.42800000000017,267.5427152556234,256.42800000000017,899.0,799.0
19.0,25.89,8.63,190.64810000000008,125.32044371615478,8.63,190.64810000000008,12.04
81.0,59.72,72.99,83.82989999999994,96.17123676311938,59.72,96.17123676311938,81.26
81.0,620.7,45.99,190.53881,189.75584914992564,45.99,620.7,57.73
93.0,79.5,89.99,162.17869999999996,169.33632993334473,79.5,169.33632993334473,46.99
59.0,59.87,45.0,73.11569999999992,49.52242762631826,45.0,73.11569999999992,83.0
81.0,76.8,102.4,180.39030000000002,198.5771227074632,76.8,198.5771227074632,66.99
40.0,49.52,63.21,170.373,126.01953984240336,40.0,170.373,120.0
350.0,188.0,239.0,203.6920000000001,198.02206963552558,188.0,350.0,619.0
350.0,298.0,349.9,340.50729007936525,369.5657088980783,298.0,369.5657088980783,349.99
650.0,623.8,649.8,299.0477000000003,401.493326637778,299.0477000000003,650.0,662.83
81.0,392.3,316.5,114.67479999999996,140.38801534744428,81.0,392.3,198.05
133.0,69.0,132.9,209.38680000000008,215.36925449447,69.0,215.36925449447,132.58
134.0,126.5,145.9,186.1823,245.89381883195088,126.5,245.89381883195088,180.55
174.0,826.0,178.9,203.94025000000005,234.59878215008126,174.0,826.0,183.32
110.0,240.5,154.9,189.84110000000004,139.0749374593059,110.0,240.5,139.99
700.0,590.9,599.9,295.0517000000002,333.6027100071767,295.0517000000002,700.0,891.49
201.0,319.6,288.8,269.17853076923075,250.1269134395018,201.0,319.6,567.99
81.0,49.86,63.22,202.04683333333335,147.01795859189897,49.86,202.04683333333335,63.88
86.0,94.59,99.99,116.58019999999993,77.03864291128744,77.03864291128744,116.58019999999993,138.99
81.0,89.3,79.99,208.66055000000003,96.10009058181663,79.99,208.66055000000003,80.94
40.0,19.99,59.99,118.87279999999998,87.156991238552,19.99,118.87279999999998,52.07
680.0,527.6,248.8,288.8768000000002,304.4700043220609,248.8,680.0,532.85
350.0,408.0,249.9,265.3355000000003,292.4038002561921,249.9,408.0,249.99
189.0,105.4,247.5,216.38639999999998,245.41368271285643,105.4,247.5,269.99
25.0,53.99,44.99,180.95115,207.45783696820055,25.0,207.45783696820055,29.99
299.0,89.0,89.0,258.3238000000002,221.07089471771033,89.0,299.0,139.0
216.0,79.28,348.0,167.19989999999996,168.70546610761403,79.28,348.0,69.98
189.0,392.9,237.9,302.0394000000002,394.5389146748195,189.0,394.5389146748195,275.79
445.0,298.0,425.0,279.5352250000003,244.67377867252617,244.67377867252617,445.0,378.95
54.0,95.0,42.99,111.05869999999996,127.84117037952592,42.99,127.84117037952592,64.01
189.0,340.6,256.9,213.84400500000015,182.2734099631051,182.2734099631051,340.6,190.0
54.0,69.07,89.99,101.0540999999999,90.48585956628031,54.0,101.0540999999999,59.99
249.0,249.0,249.0,248.29270000000005,248.97691351477314,248.29270000000005,249.0,249.0
419.0,359.0,599.0,239.88980000000004,264.4251033903634,239.88980000000004,599.0,488.44
507.0,561.9,561.9,422.7560000000001,485.439308778736,422.7560000000001,561.9,439.95
182.0,587.3,214.9,207.63660666666667,201.15300277537537,182.0,587.3,136.45
54.0,38.45,49.23,140.03029999999993,162.7410402955221,38.45,162.7410402955221,61.17
81.0,84.0,123.6,172.56940000000006,200.11885692689341,81.0,200.11885692689341,88.99
350.0,29.99,249.9,237.72620000000018,273.381282209018,29.99,350.0,429.0
280.0,348.9,299.9,307.7662666666669,345.24860596233185,280.0,348.9,258.0
270.0,239.0,199.0,278.9314500000001,171.4972403511606,171.4972403511606,278.9314500000001,289.99
110.0,69.99,129.9,255.5048000000001,253.1795408955754,69.99,255.5048000000001,60.99
280.0,369.9,369.9,290.04960000000034,326.04274297450337,280.0,369.9,369.99
81.0,89.76,39.99,223.73600000000013,192.57819367027273,39.99,223.73600000000013,90.58
142.0,187.0,187.0,146.7975860678211,201.24959807141653,142.0,201.24959807141653,58.0
193.0,593.2,317.4,337.8992000000003,311.78308131658645,193.0,593.2,258.58
130.0,89.99,119.9,206.51062857142873,188.95600040420715,89.99,206.51062857142873,199.99
147.0,69.48,142.1,204.38239999999993,204.8159407926954,69.48,204.8159407926954,143.53
379.0,399.5,349.9,547.888,487.9771333837337,349.9,547.888,309.0
142.0,358.7,321.4,268.6730000000001,233.75950010303507,142.0,358.7,137.41
146.0,73.59,136.9,265.68317500000023,332.74912098229186,73.59,332.74912098229186,188.88
81.0,62.0,59.99,188.452,229.9828129389549,59.99,229.9828129389549,66.75
201.0,95.46,219.9,208.96340000000004,158.48179239421137,95.46,219.9,281.61
110.0,163.5,149.9,159.91319999999996,90.69838330688341,90.69838330688341,163.5,105.99
299.0,216.0,216.0,311.0990000000002,309.9398370594164,216.0,311.0990000000002,185.0
60.0,37.99,39.99,141.67989999999992,114.84276756181309,37.99,141.67989999999992,99.99
299.0,290.4,449.9,384.03860000000003,412.5112794351189,290.4,449.9,433.97
350.0,325.9,195.0,253.08320000000006,183.9209689701347,183.9209689701347,350.0,334.4
349.0,699.0,429.0,358.9739000000001,423.7961531994739,349.0,699.0,319.0
421.0,370.0,469.5,320.2051000000002,239.90408486036097,239.90408486036097,469.5,412.79
189.0,923.5,249.9,270.30845000000016,238.25522065392968,189.0,923.5,246.17
182.0,25.46,163.8,235.05520000000004,203.5337154450962,25.46,235.05520000000004,167.81
280.0,624.9,399.9,292.0337000000003,335.30144492396806,280.0,624.9,579.99
25.0,15.99,24.99,186.4122000000001,192.06299841390438,15.99,192.06299841390438,38.71
81.0,90.99,79.99,220.40320000000014,314.35049358753724,79.99,314.35049358753724,59.99
412.0,442.0,443.2,245.76810000000006,289.09756562369216,245.76810000000006,443.2,379.49
201.0,168.0,185.9,272.02065999999996,291.4892726116267,168.0,291.4892726116267,172.92
142.0,125.0,167.9,186.3858000000001,127.3621540444033,125.0,186.3858000000001,149.84
54.0,307.0,39.99,106.63059999999989,7.1333514869170624,7.1333514869170624,307.0,66.99
805.0,1578.0,3995.0,254.1540666666668,334.2012875253032,254.1540666666668,3995.0,886.23
122.0,69.78,110.0,270.0342000000001,183.15104677871358,69.78,270.0342000000001,123.38
229.0,302.9,303.0,265.17966666666695,269.47319358885886,229.0,303.0,269.0
54.0,8.35,89.99,152.92769999999993,121.31028192297485,8.35,152.92769999999993,13.07
110.0,206.9,149.9,256.59860000000015,233.87432024449006,110.0,256.59860000000015,169.59
133.0,90.02,139.9,167.72784999999993,206.5661784778339,90.02,206.5661784778339,112.99
355.0,607.9,599.9,429.47479999999996,404.0055501944474,355.0,607.9,334.98
19.0,60.0,39.99,143.42059999999992,72.37721816484729,19.0,143.42059999999992,28.18
122.0,30.69,116.9,217.72680000000008,239.0682290617185,30.69,239.0682290617185,121.21
133.0,328.9,176.0,244.62750000000014,259.7571722505064,133.0,328.9,233.19
81.0,59.46,74.99,229.8670000000001,134.59339617545768,59.46,229.8670000000001,104.44
299.0,107.9,124.9,130.17939999999993,107.76164819000772,107.76164819000772,299.0,132.99
299.0,227.0,240.7,246.77889202505827,246.62724917582494,227.0,299.0,333.5
142.0,64.99,152.2,169.19950000000009,168.35845825645734,64.99,169.19950000000009,155.5
189.0,280.0,159.9,365.2768,314.1650022997494,159.9,365.2768,153.98
409.0,396.0,499.9,221.18180000000015,216.14063196122285,216.14063196122285,499.9,429.0
112.0,81.73,138.9,205.24560000000005,140.20706669111217,81.73,205.24560000000005,151.78
15.0,15.0,14.99,61.234099999999934,69.29421409527329,14.99,69.29421409527329,8.99
69.0,49.0,69.0,224.69540000000012,187.54144220880787,49.0,224.69540000000012,69.0
672.0,546.9,644.9,380.9355000000003,357.34219473120265,357.34219473120265,672.0,653.99
81.0,55.8,76.43,249.3077000000002,167.46992360924014,55.8,249.3077000000002,173.42
81.0,69.9,116.5,150.16075157894747,165.16718102656367,69.9,165.16718102656367,226.42
201.0,201.5,127.4,180.49289707628333,179.4841316493051,127.4,201.5,145.78
156.0,390.0,259.0,400.7386999999999,446.33759642308485,156.0,446.33759642308485,134.0
220.0,49.99,289.9,253.70450000000017,362.0947027464828,49.99,362.0947027464828,249.99
139.0,207.3,144.0,235.31493333333347,266.2781224310446,139.0,266.2781224310446,109.0
19.0,6.95,14.99,141.4448,27.924005604329135,6.95,141.4448,18.29
25.0,6.98,14.99,134.67889999999994,53.62299197702651,6.98,134.67889999999994,9.99
500.0,197.8,299.9,203.60740000000004,227.1082692729979,197.8,500.0,499.99
182.0,187.3,283.9,238.5709,228.68923829989464,182.0,283.9,272.23
252.0,405.6,409.9,321.67503333333354,367.93987238839674,252.0,409.9,205.74
182.0,567.8,154.9,173.9800666666667,206.37286264082127,154.9,567.8,232.62
31.0,74.98,49.99,130.3784499999999,100.66276956378796,31.0,130.3784499999999,86.63
81.0,147.9,136.9,150.33949999999987,110.45759108806857,81.0,150.33949999999987,82.06
51.0,40.59,44.99,76.0807999999999,66.95966051348431,40.59,76.0807999999999,38.99
220.0,390.0,249.9,186.9789000000001,173.64881602853816,173.64881602853816,390.0,249.99
300.0,95.0,59.99,261.3229666666668,173.8567778781115,59.99,300.0,299.95
180.0,96.99,199.9,184.07065999999998,241.9658637794884,96.99,241.9658637794884,222.5
133.0,54.99,142.9,175.41069999999993,211.4700903047785,54.99,211.4700903047785,137.64
